"Nome","Número na Pokédex","Tipo Primário","Tipo Secundário","Geração","Total de Pontos Base","Estágio de Evolução","Quantidade de Evoluções"
"bulbasaur",1,"grass","poison","generation-i",318,1,3
"ivysaur",2,"grass","poison","generation-i",405,2,3
"venusaur",3,"grass","poison","generation-i",525,3,3
"venusaur-mega",3,"grass","poison","generation-i",625,3,3
"charmander",4,"fire","N/A","generation-i",309,1,3
"charmeleon",5,"fire","N/A","generation-i",405,2,3
"charizard",6,"fire","flying","generation-i",534,3,3
"charizard-mega-x",6,"fire","dragon","generation-i",634,3,3
"charizard-mega-y",6,"fire","flying","generation-i",634,3,3
"squirtle",7,"water","N/A","generation-i",314,1,3
"wartortle",8,"water","N/A","generation-i",405,2,3
"blastoise",9,"water","N/A","generation-i",530,3,3
"blastoise-mega",9,"water","N/A","generation-i",630,3,3
"caterpie",10,"bug","N/A","generation-i",195,1,3
"metapod",11,"bug","N/A","generation-i",205,2,3
"butterfree",12,"bug","flying","generation-i",395,3,3
"weedle",13,"bug","poison","generation-i",195,1,3
"kakuna",14,"bug","poison","generation-i",205,2,3
"beedrill",15,"bug","poison","generation-i",395,3,3
"beedrill-mega",15,"bug","poison","generation-i",495,3,3
"pidgey",16,"normal","flying","generation-i",251,1,3
"pidgeotto",17,"normal","flying","generation-i",349,2,3
"pidgeot",18,"normal","flying","generation-i",479,3,3
"pidgeot-mega",18,"normal","flying","generation-i",579,3,3
"rattata",19,"normal","N/A","generation-i",253,1,2
"rattata-alola",19,"dark","normal","generation-i",253,1,2
"raticate",20,"normal","N/A","generation-i",413,2,2
"raticate-alola",20,"dark","normal","generation-i",413,2,2
"raticate-totem-alola",20,"dark","normal","generation-i",413,2,2
"spearow",21,"normal","flying","generation-i",262,1,2
"fearow",22,"normal","flying","generation-i",442,2,2
"ekans",23,"poison","N/A","generation-i",288,1,2
"arbok",24,"poison","N/A","generation-i",448,2,2
"pikachu",25,"electric","N/A","generation-i",320,2,3
"pikachu-starter",25,"electric","N/A","generation-i",430,2,3
"raichu",26,"electric","N/A","generation-i",485,3,3
"raichu-alola",26,"electric","psychic","generation-i",485,3,3
"sandshrew",27,"ground","N/A","generation-i",300,1,2
"sandshrew-alola",27,"ice","steel","generation-i",300,1,2
"sandslash",28,"ground","N/A","generation-i",450,2,2
"sandslash-alola",28,"ice","steel","generation-i",450,2,2
"nidoran-f",29,"poison","N/A","generation-i",275,1,3
"nidorina",30,"poison","N/A","generation-i",365,2,3
"nidoqueen",31,"poison","ground","generation-i",505,3,3
"nidoran-m",32,"poison","N/A","generation-i",273,1,3
"nidorino",33,"poison","N/A","generation-i",365,2,3
"nidoking",34,"poison","ground","generation-i",505,3,3
"clefairy",35,"fairy","N/A","generation-i",323,2,3
"clefable",36,"fairy","N/A","generation-i",483,3,3
"vulpix",37,"fire","N/A","generation-i",299,1,2
"vulpix-alola",37,"ice","N/A","generation-i",299,1,2
"ninetales",38,"fire","N/A","generation-i",505,2,2
"ninetales-alola",38,"ice","fairy","generation-i",505,2,2
"jigglypuff",39,"normal","fairy","generation-i",270,2,3
"wigglytuff",40,"normal","fairy","generation-i",435,3,3
"zubat",41,"poison","flying","generation-i",245,1,3
"golbat",42,"poison","flying","generation-i",455,2,3
"oddish",43,"grass","poison","generation-i",320,1,3
"gloom",44,"grass","poison","generation-i",395,2,3
"vileplume",45,"grass","poison","generation-i",490,3,3
"paras",46,"bug","grass","generation-i",285,1,2
"parasect",47,"bug","grass","generation-i",405,2,2
"venonat",48,"bug","poison","generation-i",305,1,2
"venomoth",49,"bug","poison","generation-i",450,2,2
"diglett",50,"ground","N/A","generation-i",265,1,2
"diglett-alola",50,"ground","steel","generation-i",265,1,2
"dugtrio",51,"ground","N/A","generation-i",425,2,2
"dugtrio-alola",51,"ground","steel","generation-i",425,2,2
"meowth",52,"normal","N/A","generation-i",290,1,2
"meowth-alola",52,"dark","N/A","generation-i",290,1,2
"meowth-galar",52,"steel","N/A","generation-i",290,1,2
"persian",53,"normal","N/A","generation-i",440,2,2
"persian-alola",53,"dark","N/A","generation-i",440,2,2
"psyduck",54,"water","N/A","generation-i",320,1,2
"golduck",55,"water","N/A","generation-i",500,2,2
"mankey",56,"fighting","N/A","generation-i",305,1,3
"primeape",57,"fighting","N/A","generation-i",455,2,3
"growlithe",58,"fire","N/A","generation-i",350,1,2
"growlithe-hisui",58,"fire","rock","generation-i",350,1,2
"arcanine",59,"fire","N/A","generation-i",555,2,2
"arcanine-hisui",59,"fire","rock","generation-i",555,2,2
"poliwag",60,"water","N/A","generation-i",300,1,3
"poliwhirl",61,"water","N/A","generation-i",385,2,3
"poliwrath",62,"water","fighting","generation-i",510,3,3
"abra",63,"psychic","N/A","generation-i",310,1,3
"kadabra",64,"psychic","N/A","generation-i",400,2,3
"alakazam",65,"psychic","N/A","generation-i",500,3,3
"alakazam-mega",65,"psychic","N/A","generation-i",600,3,3
"machop",66,"fighting","N/A","generation-i",305,1,3
"machoke",67,"fighting","N/A","generation-i",405,2,3
"machamp",68,"fighting","N/A","generation-i",505,3,3
"bellsprout",69,"grass","poison","generation-i",300,1,3
"weepinbell",70,"grass","poison","generation-i",390,2,3
"victreebel",71,"grass","poison","generation-i",490,3,3
"tentacool",72,"water","poison","generation-i",335,1,2
"tentacruel",73,"water","poison","generation-i",515,2,2
"geodude",74,"rock","ground","generation-i",300,1,3
"geodude-alola",74,"rock","electric","generation-i",300,1,3
"graveler",75,"rock","ground","generation-i",390,2,3
"graveler-alola",75,"rock","electric","generation-i",390,2,3
"golem",76,"rock","ground","generation-i",495,3,3
"golem-alola",76,"rock","electric","generation-i",495,3,3
"ponyta",77,"fire","N/A","generation-i",410,1,2
"ponyta-galar",77,"psychic","N/A","generation-i",410,1,2
"rapidash",78,"fire","N/A","generation-i",500,2,2
"rapidash-galar",78,"psychic","fairy","generation-i",500,2,2
"slowpoke",79,"water","psychic","generation-i",315,1,2
"slowpoke-galar",79,"psychic","N/A","generation-i",315,1,2
"slowbro",80,"water","psychic","generation-i",490,2,2
"slowbro-mega",80,"water","psychic","generation-i",590,2,2
"slowbro-galar",80,"poison","psychic","generation-i",490,2,2
"magnemite",81,"electric","steel","generation-i",325,1,3
"magneton",82,"electric","steel","generation-i",465,2,3
"farfetchd",83,"normal","flying","generation-i",377,1,2
"farfetchd-galar",83,"fighting","N/A","generation-i",377,1,2
"doduo",84,"normal","flying","generation-i",310,1,2
"dodrio",85,"normal","flying","generation-i",470,2,2
"seel",86,"water","N/A","generation-i",325,1,2
"dewgong",87,"water","ice","generation-i",475,2,2
"grimer",88,"poison","N/A","generation-i",325,1,2
"grimer-alola",88,"poison","dark","generation-i",325,1,2
"muk",89,"poison","N/A","generation-i",500,2,2
"muk-alola",89,"poison","dark","generation-i",500,2,2
"shellder",90,"water","N/A","generation-i",305,1,2
"cloyster",91,"water","ice","generation-i",525,2,2
"gastly",92,"ghost","poison","generation-i",310,1,3
"haunter",93,"ghost","poison","generation-i",405,2,3
"gengar",94,"ghost","poison","generation-i",500,3,3
"gengar-mega",94,"ghost","poison","generation-i",600,3,3
"onix",95,"rock","ground","generation-i",385,1,2
"drowzee",96,"psychic","N/A","generation-i",328,1,2
"hypno",97,"psychic","N/A","generation-i",483,2,2
"krabby",98,"water","N/A","generation-i",325,1,2
"kingler",99,"water","N/A","generation-i",475,2,2
"voltorb",100,"electric","N/A","generation-i",330,1,2
"voltorb-hisui",100,"electric","grass","generation-i",330,1,2
"electrode",101,"electric","N/A","generation-i",490,2,2
"electrode-hisui",101,"electric","grass","generation-i",490,2,2
"exeggcute",102,"grass","psychic","generation-i",325,1,2
"exeggutor",103,"grass","psychic","generation-i",530,2,2
"exeggutor-alola",103,"grass","dragon","generation-i",530,2,2
"cubone",104,"ground","N/A","generation-i",320,1,2
"marowak",105,"ground","N/A","generation-i",425,2,2
"marowak-alola",105,"fire","ghost","generation-i",425,2,2
"marowak-totem",105,"fire","ghost","generation-i",425,2,2
"hitmonlee",106,"fighting","N/A","generation-i",455,2,2
"hitmonchan",107,"fighting","N/A","generation-i",455,2,2
"lickitung",108,"normal","N/A","generation-i",385,1,2
"koffing",109,"poison","N/A","generation-i",340,1,2
"weezing",110,"poison","N/A","generation-i",490,2,2
"weezing-galar",110,"poison","fairy","generation-i",490,2,2
"rhyhorn",111,"ground","rock","generation-i",345,1,3
"rhydon",112,"ground","rock","generation-i",485,2,3
"chansey",113,"normal","N/A","generation-i",450,2,3
"tangela",114,"grass","N/A","generation-i",435,1,2
"kangaskhan",115,"normal","N/A","generation-i",490,1,1
"kangaskhan-mega",115,"normal","N/A","generation-i",590,1,1
"horsea",116,"water","N/A","generation-i",295,1,3
"seadra",117,"water","N/A","generation-i",440,2,3
"goldeen",118,"water","N/A","generation-i",320,1,2
"seaking",119,"water","N/A","generation-i",450,2,2
"staryu",120,"water","N/A","generation-i",340,1,2
"starmie",121,"water","psychic","generation-i",520,2,2
"mr-mime",122,"psychic","fairy","generation-i",460,2,3
"mr-mime-galar",122,"ice","psychic","generation-i",460,2,3
"scyther",123,"bug","flying","generation-i",500,1,2
"jynx",124,"ice","psychic","generation-i",455,2,2
"electabuzz",125,"electric","N/A","generation-i",490,2,3
"magmar",126,"fire","N/A","generation-i",495,2,3
"pinsir",127,"bug","N/A","generation-i",500,1,1
"pinsir-mega",127,"bug","flying","generation-i",600,1,1
"tauros",128,"normal","N/A","generation-i",490,1,1
"tauros-paldea-combat-breed",128,"fighting","N/A","generation-i",490,1,1
"tauros-paldea-blaze-breed",128,"fighting","fire","generation-i",490,1,1
"tauros-paldea-aqua-breed",128,"fighting","water","generation-i",490,1,1
"magikarp",129,"water","N/A","generation-i",200,1,2
"gyarados",130,"water","flying","generation-i",540,2,2
"gyarados-mega",130,"water","dark","generation-i",640,2,2
"lapras",131,"water","ice","generation-i",535,1,1
"ditto",132,"normal","N/A","generation-i",288,1,1
"eevee",133,"normal","N/A","generation-i",325,1,2
"eevee-starter",133,"normal","N/A","generation-i",435,1,2
"vaporeon",134,"water","N/A","generation-i",525,2,2
"jolteon",135,"electric","N/A","generation-i",525,2,2
"flareon",136,"fire","N/A","generation-i",525,2,2
"porygon",137,"normal","N/A","generation-i",395,1,3
"omanyte",138,"rock","water","generation-i",355,1,2
"omastar",139,"rock","water","generation-i",495,2,2
"kabuto",140,"rock","water","generation-i",355,1,2
"kabutops",141,"rock","water","generation-i",495,2,2
"aerodactyl",142,"rock","flying","generation-i",515,1,1
"aerodactyl-mega",142,"rock","flying","generation-i",615,1,1
"snorlax",143,"normal","N/A","generation-i",540,2,2
"articuno",144,"ice","flying","generation-i",580,1,1
"articuno-galar",144,"psychic","flying","generation-i",580,1,1
"zapdos",145,"electric","flying","generation-i",580,1,1
"zapdos-galar",145,"fighting","flying","generation-i",580,1,1
"moltres",146,"fire","flying","generation-i",580,1,1
"moltres-galar",146,"dark","flying","generation-i",580,1,1
"dratini",147,"dragon","N/A","generation-i",300,1,3
"dragonair",148,"dragon","N/A","generation-i",420,2,3
"dragonite",149,"dragon","flying","generation-i",600,3,3
"mewtwo",150,"psychic","N/A","generation-i",680,1,1
"mewtwo-mega-x",150,"psychic","fighting","generation-i",780,1,1
"mewtwo-mega-y",150,"psychic","N/A","generation-i",780,1,1
"mew",151,"psychic","N/A","generation-i",600,1,1
"chikorita",152,"grass","N/A","generation-ii",318,1,3
"bayleef",153,"grass","N/A","generation-ii",405,2,3
"meganium",154,"grass","N/A","generation-ii",525,3,3
"cyndaquil",155,"fire","N/A","generation-ii",309,1,3
"quilava",156,"fire","N/A","generation-ii",405,2,3
"typhlosion",157,"fire","N/A","generation-ii",534,3,3
"typhlosion-hisui",157,"fire","ghost","generation-ii",534,3,3
"totodile",158,"water","N/A","generation-ii",314,1,3
"croconaw",159,"water","N/A","generation-ii",405,2,3
"feraligatr",160,"water","N/A","generation-ii",530,3,3
"sentret",161,"normal","N/A","generation-ii",215,1,2
"furret",162,"normal","N/A","generation-ii",415,2,2
"hoothoot",163,"normal","flying","generation-ii",262,1,2
"noctowl",164,"normal","flying","generation-ii",452,2,2
"ledyba",165,"bug","flying","generation-ii",265,1,2
"ledian",166,"bug","flying","generation-ii",390,2,2
"spinarak",167,"bug","poison","generation-ii",250,1,2
"ariados",168,"bug","poison","generation-ii",400,2,2
"crobat",169,"poison","flying","generation-ii",535,3,3
"chinchou",170,"water","electric","generation-ii",330,1,2
"lanturn",171,"water","electric","generation-ii",460,2,2
"pichu",172,"electric","N/A","generation-ii",205,1,3
"cleffa",173,"fairy","N/A","generation-ii",218,1,3
"igglybuff",174,"normal","fairy","generation-ii",210,1,3
"togepi",175,"fairy","N/A","generation-ii",245,1,3
"togetic",176,"fairy","flying","generation-ii",405,2,3
"natu",177,"psychic","flying","generation-ii",320,1,2
"xatu",178,"psychic","flying","generation-ii",470,2,2
"mareep",179,"electric","N/A","generation-ii",280,1,3
"flaaffy",180,"electric","N/A","generation-ii",365,2,3
"ampharos",181,"electric","N/A","generation-ii",510,3,3
"ampharos-mega",181,"electric","dragon","generation-ii",610,3,3
"bellossom",182,"grass","N/A","generation-ii",490,3,3
"marill",183,"water","fairy","generation-ii",250,2,3
"azumarill",184,"water","fairy","generation-ii",420,3,3
"sudowoodo",185,"rock","N/A","generation-ii",410,2,2
"politoed",186,"water","N/A","generation-ii",500,3,3
"hoppip",187,"grass","flying","generation-ii",250,1,3
"skiploom",188,"grass","flying","generation-ii",340,2,3
"jumpluff",189,"grass","flying","generation-ii",460,3,3
"aipom",190,"normal","N/A","generation-ii",360,1,2
"sunkern",191,"grass","N/A","generation-ii",180,1,2
"sunflora",192,"grass","N/A","generation-ii",425,2,2
"yanma",193,"bug","flying","generation-ii",390,1,2
"wooper",194,"water","ground","generation-ii",210,1,2
"wooper-paldea",194,"poison","ground","generation-ii",210,1,2
"quagsire",195,"water","ground","generation-ii",430,2,2
"espeon",196,"psychic","N/A","generation-ii",525,2,2
"umbreon",197,"dark","N/A","generation-ii",525,2,2
"murkrow",198,"dark","flying","generation-ii",405,1,2
"slowking",199,"water","psychic","generation-ii",490,2,2
"slowking-galar",199,"poison","psychic","generation-ii",490,2,2
"misdreavus",200,"ghost","N/A","generation-ii",435,1,2
"unown",201,"psychic","N/A","generation-ii",336,1,1
"wobbuffet",202,"psychic","N/A","generation-ii",405,2,2
"girafarig",203,"normal","psychic","generation-ii",455,1,2
"pineco",204,"bug","N/A","generation-ii",290,1,2
"forretress",205,"bug","steel","generation-ii",465,2,2
"dunsparce",206,"normal","N/A","generation-ii",415,1,2
"gligar",207,"ground","flying","generation-ii",430,1,2
"steelix",208,"steel","ground","generation-ii",510,2,2
"steelix-mega",208,"steel","ground","generation-ii",610,2,2
"snubbull",209,"fairy","N/A","generation-ii",300,1,2
"granbull",210,"fairy","N/A","generation-ii",450,2,2
"qwilfish",211,"water","poison","generation-ii",440,1,2
"qwilfish-hisui",211,"dark","poison","generation-ii",440,1,2
"scizor",212,"bug","steel","generation-ii",500,2,2
"scizor-mega",212,"bug","steel","generation-ii",600,2,2
"shuckle",213,"bug","rock","generation-ii",505,1,1
"heracross",214,"bug","fighting","generation-ii",500,1,1
"heracross-mega",214,"bug","fighting","generation-ii",600,1,1
"sneasel",215,"dark","ice","generation-ii",430,1,2
"sneasel-hisui",215,"fighting","poison","generation-ii",430,1,2
"teddiursa",216,"normal","N/A","generation-ii",330,1,3
"ursaring",217,"normal","N/A","generation-ii",500,2,3
"slugma",218,"fire","N/A","generation-ii",250,1,2
"magcargo",219,"fire","rock","generation-ii",430,2,2
"swinub",220,"ice","ground","generation-ii",250,1,3
"piloswine",221,"ice","ground","generation-ii",450,2,3
"corsola",222,"water","rock","generation-ii",410,1,2
"corsola-galar",222,"ghost","N/A","generation-ii",410,1,2
"remoraid",223,"water","N/A","generation-ii",300,1,2
"octillery",224,"water","N/A","generation-ii",480,2,2
"delibird",225,"ice","flying","generation-ii",330,1,1
"mantine",226,"water","flying","generation-ii",485,2,2
"skarmory",227,"steel","flying","generation-ii",465,1,1
"houndour",228,"dark","fire","generation-ii",330,1,2
"houndoom",229,"dark","fire","generation-ii",500,2,2
"houndoom-mega",229,"dark","fire","generation-ii",600,2,2
"kingdra",230,"water","dragon","generation-ii",540,3,3
"phanpy",231,"ground","N/A","generation-ii",330,1,2
"donphan",232,"ground","N/A","generation-ii",500,2,2
"porygon2",233,"normal","N/A","generation-ii",515,2,3
"stantler",234,"normal","N/A","generation-ii",465,1,2
"smeargle",235,"normal","N/A","generation-ii",250,1,1
"tyrogue",236,"fighting","N/A","generation-ii",210,1,2
"hitmontop",237,"fighting","N/A","generation-ii",455,2,2
"smoochum",238,"ice","psychic","generation-ii",305,1,2
"elekid",239,"electric","N/A","generation-ii",360,1,3
"magby",240,"fire","N/A","generation-ii",365,1,3
"miltank",241,"normal","N/A","generation-ii",490,1,1
"blissey",242,"normal","N/A","generation-ii",540,3,3
"raikou",243,"electric","N/A","generation-ii",580,1,1
"entei",244,"fire","N/A","generation-ii",580,1,1
"suicune",245,"water","N/A","generation-ii",580,1,1
"larvitar",246,"rock","ground","generation-ii",300,1,3
"pupitar",247,"rock","ground","generation-ii",410,2,3
"tyranitar",248,"rock","dark","generation-ii",600,3,3
"tyranitar-mega",248,"rock","dark","generation-ii",700,3,3
"lugia",249,"psychic","flying","generation-ii",680,1,1
"ho-oh",250,"fire","flying","generation-ii",680,1,1
"celebi",251,"psychic","grass","generation-ii",600,1,1
"treecko",252,"grass","N/A","generation-iii",310,1,3
"grovyle",253,"grass","N/A","generation-iii",405,2,3
"sceptile",254,"grass","N/A","generation-iii",530,3,3
"sceptile-mega",254,"grass","dragon","generation-iii",630,3,3
"torchic",255,"fire","N/A","generation-iii",310,1,3
"combusken",256,"fire","fighting","generation-iii",405,2,3
"blaziken",257,"fire","fighting","generation-iii",530,3,3
"blaziken-mega",257,"fire","fighting","generation-iii",630,3,3
"mudkip",258,"water","N/A","generation-iii",310,1,3
"marshtomp",259,"water","ground","generation-iii",405,2,3
"swampert",260,"water","ground","generation-iii",535,3,3
"swampert-mega",260,"water","ground","generation-iii",635,3,3
"poochyena",261,"dark","N/A","generation-iii",220,1,2
"mightyena",262,"dark","N/A","generation-iii",420,2,2
"zigzagoon",263,"normal","N/A","generation-iii",240,1,3
"zigzagoon-galar",263,"dark","normal","generation-iii",240,1,3
"linoone",264,"normal","N/A","generation-iii",420,2,3
"linoone-galar",264,"dark","normal","generation-iii",420,2,3
"wurmple",265,"bug","N/A","generation-iii",195,1,3
"silcoon",266,"bug","N/A","generation-iii",205,2,3
"beautifly",267,"bug","flying","generation-iii",395,3,3
"cascoon",268,"bug","N/A","generation-iii",205,2,3
"dustox",269,"bug","poison","generation-iii",385,3,3
"lotad",270,"water","grass","generation-iii",220,1,3
"lombre",271,"water","grass","generation-iii",340,2,3
"ludicolo",272,"water","grass","generation-iii",480,3,3
"seedot",273,"grass","N/A","generation-iii",220,1,3
"nuzleaf",274,"grass","dark","generation-iii",340,2,3
"shiftry",275,"grass","dark","generation-iii",480,3,3
"taillow",276,"normal","flying","generation-iii",270,1,2
"swellow",277,"normal","flying","generation-iii",455,2,2
"wingull",278,"water","flying","generation-iii",270,1,2
"pelipper",279,"water","flying","generation-iii",440,2,2
"ralts",280,"psychic","fairy","generation-iii",198,1,3
"kirlia",281,"psychic","fairy","generation-iii",278,2,3
"gardevoir",282,"psychic","fairy","generation-iii",518,3,3
"gardevoir-mega",282,"psychic","fairy","generation-iii",618,3,3
"surskit",283,"bug","water","generation-iii",269,1,2
"masquerain",284,"bug","flying","generation-iii",454,2,2
"shroomish",285,"grass","N/A","generation-iii",295,1,2
"breloom",286,"grass","fighting","generation-iii",460,2,2
"slakoth",287,"normal","N/A","generation-iii",280,1,3
"vigoroth",288,"normal","N/A","generation-iii",440,2,3
"slaking",289,"normal","N/A","generation-iii",670,3,3
"nincada",290,"bug","ground","generation-iii",266,1,2
"ninjask",291,"bug","flying","generation-iii",456,2,2
"shedinja",292,"bug","ghost","generation-iii",236,2,2
"whismur",293,"normal","N/A","generation-iii",240,1,3
"loudred",294,"normal","N/A","generation-iii",360,2,3
"exploud",295,"normal","N/A","generation-iii",490,3,3
"makuhita",296,"fighting","N/A","generation-iii",237,1,2
"hariyama",297,"fighting","N/A","generation-iii",474,2,2
"azurill",298,"normal","fairy","generation-iii",190,1,3
"nosepass",299,"rock","N/A","generation-iii",375,1,2
"skitty",300,"normal","N/A","generation-iii",260,1,2
"delcatty",301,"normal","N/A","generation-iii",400,2,2
"sableye",302,"dark","ghost","generation-iii",380,1,1
"sableye-mega",302,"dark","ghost","generation-iii",480,1,1
"mawile",303,"steel","fairy","generation-iii",380,1,1
"mawile-mega",303,"steel","fairy","generation-iii",480,1,1
"aron",304,"steel","rock","generation-iii",330,1,3
"lairon",305,"steel","rock","generation-iii",430,2,3
"aggron",306,"steel","rock","generation-iii",530,3,3
"aggron-mega",306,"steel","N/A","generation-iii",630,3,3
"meditite",307,"fighting","psychic","generation-iii",280,1,2
"medicham",308,"fighting","psychic","generation-iii",410,2,2
"medicham-mega",308,"fighting","psychic","generation-iii",510,2,2
"electrike",309,"electric","N/A","generation-iii",295,1,2
"manectric",310,"electric","N/A","generation-iii",475,2,2
"manectric-mega",310,"electric","N/A","generation-iii",575,2,2
"plusle",311,"electric","N/A","generation-iii",405,1,1
"minun",312,"electric","N/A","generation-iii",405,1,1
"volbeat",313,"bug","N/A","generation-iii",430,1,1
"illumise",314,"bug","N/A","generation-iii",430,1,1
"roselia",315,"grass","poison","generation-iii",400,2,3
"gulpin",316,"poison","N/A","generation-iii",302,1,2
"swalot",317,"poison","N/A","generation-iii",467,2,2
"carvanha",318,"water","dark","generation-iii",305,1,2
"sharpedo",319,"water","dark","generation-iii",460,2,2
"sharpedo-mega",319,"water","dark","generation-iii",560,2,2
"wailmer",320,"water","N/A","generation-iii",400,1,2
"wailord",321,"water","N/A","generation-iii",500,2,2
"numel",322,"fire","ground","generation-iii",305,1,2
"camerupt",323,"fire","ground","generation-iii",460,2,2
"camerupt-mega",323,"fire","ground","generation-iii",560,2,2
"torkoal",324,"fire","N/A","generation-iii",470,1,1
"spoink",325,"psychic","N/A","generation-iii",330,1,2
"grumpig",326,"psychic","N/A","generation-iii",470,2,2
"spinda",327,"normal","N/A","generation-iii",360,1,1
"trapinch",328,"ground","N/A","generation-iii",290,1,3
"vibrava",329,"ground","dragon","generation-iii",340,2,3
"flygon",330,"ground","dragon","generation-iii",520,3,3
"cacnea",331,"grass","N/A","generation-iii",335,1,2
"cacturne",332,"grass","dark","generation-iii",475,2,2
"swablu",333,"normal","flying","generation-iii",310,1,2
"altaria",334,"dragon","flying","generation-iii",490,2,2
"altaria-mega",334,"dragon","fairy","generation-iii",590,2,2
"zangoose",335,"normal","N/A","generation-iii",458,1,1
"seviper",336,"poison","N/A","generation-iii",458,1,1
"lunatone",337,"rock","psychic","generation-iii",460,1,1
"solrock",338,"rock","psychic","generation-iii",460,1,1
"barboach",339,"water","ground","generation-iii",288,1,2
"whiscash",340,"water","ground","generation-iii",468,2,2
"corphish",341,"water","N/A","generation-iii",308,1,2
"crawdaunt",342,"water","dark","generation-iii",468,2,2
"baltoy",343,"ground","psychic","generation-iii",300,1,2
"claydol",344,"ground","psychic","generation-iii",500,2,2
"lileep",345,"rock","grass","generation-iii",355,1,2
"cradily",346,"rock","grass","generation-iii",495,2,2
"anorith",347,"rock","bug","generation-iii",355,1,2
"armaldo",348,"rock","bug","generation-iii",495,2,2
"feebas",349,"water","N/A","generation-iii",200,1,2
"milotic",350,"water","N/A","generation-iii",540,2,2
"castform",351,"normal","N/A","generation-iii",420,1,1
"castform-sunny",351,"fire","N/A","generation-iii",420,1,1
"castform-rainy",351,"water","N/A","generation-iii",420,1,1
"castform-snowy",351,"ice","N/A","generation-iii",420,1,1
"kecleon",352,"normal","N/A","generation-iii",440,1,1
"shuppet",353,"ghost","N/A","generation-iii",295,1,2
"banette",354,"ghost","N/A","generation-iii",455,2,2
"banette-mega",354,"ghost","N/A","generation-iii",555,2,2
"duskull",355,"ghost","N/A","generation-iii",295,1,3
"dusclops",356,"ghost","N/A","generation-iii",455,2,3
"tropius",357,"grass","flying","generation-iii",460,1,1
"chimecho",358,"psychic","N/A","generation-iii",455,2,2
"absol",359,"dark","N/A","generation-iii",465,1,1
"absol-mega",359,"dark","N/A","generation-iii",565,1,1
"wynaut",360,"psychic","N/A","generation-iii",260,1,2
"snorunt",361,"ice","N/A","generation-iii",300,1,2
"glalie",362,"ice","N/A","generation-iii",480,2,2
"glalie-mega",362,"ice","N/A","generation-iii",580,2,2
"spheal",363,"ice","water","generation-iii",290,1,3
"sealeo",364,"ice","water","generation-iii",410,2,3
"walrein",365,"ice","water","generation-iii",530,3,3
"clamperl",366,"water","N/A","generation-iii",345,1,2
"huntail",367,"water","N/A","generation-iii",485,2,2
"gorebyss",368,"water","N/A","generation-iii",485,2,2
"relicanth",369,"water","rock","generation-iii",485,1,1
"luvdisc",370,"water","N/A","generation-iii",330,1,1
"bagon",371,"dragon","N/A","generation-iii",300,1,3
"shelgon",372,"dragon","N/A","generation-iii",420,2,3
"salamence",373,"dragon","flying","generation-iii",600,3,3
"salamence-mega",373,"dragon","flying","generation-iii",700,3,3
"beldum",374,"steel","psychic","generation-iii",300,1,3
"metang",375,"steel","psychic","generation-iii",420,2,3
"metagross",376,"steel","psychic","generation-iii",600,3,3
"metagross-mega",376,"steel","psychic","generation-iii",700,3,3
"regirock",377,"rock","N/A","generation-iii",580,1,1
"regice",378,"ice","N/A","generation-iii",580,1,1
"registeel",379,"steel","N/A","generation-iii",580,1,1
"latias",380,"dragon","psychic","generation-iii",600,1,1
"latias-mega",380,"dragon","psychic","generation-iii",700,1,1
"latios",381,"dragon","psychic","generation-iii",600,1,1
"latios-mega",381,"dragon","psychic","generation-iii",700,1,1
"kyogre",382,"water","N/A","generation-iii",670,1,1
"kyogre-primal",382,"water","N/A","generation-iii",770,1,1
"groudon",383,"ground","N/A","generation-iii",670,1,1
"groudon-primal",383,"ground","fire","generation-iii",770,1,1
"rayquaza",384,"dragon","flying","generation-iii",680,1,1
"rayquaza-mega",384,"dragon","flying","generation-iii",780,1,1
"jirachi",385,"steel","psychic","generation-iii",600,1,1
"deoxys-normal",386,"psychic","N/A","generation-iii",600,1,1
"turtwig",387,"grass","N/A","generation-iv",318,1,3
"grotle",388,"grass","N/A","generation-iv",405,2,3
"torterra",389,"grass","ground","generation-iv",525,3,3
"chimchar",390,"fire","N/A","generation-iv",309,1,3
"monferno",391,"fire","fighting","generation-iv",405,2,3
"infernape",392,"fire","fighting","generation-iv",534,3,3
"piplup",393,"water","N/A","generation-iv",314,1,3
"prinplup",394,"water","N/A","generation-iv",405,2,3
"empoleon",395,"water","steel","generation-iv",530,3,3
"starly",396,"normal","flying","generation-iv",245,1,3
"staravia",397,"normal","flying","generation-iv",340,2,3
"staraptor",398,"normal","flying","generation-iv",485,3,3
"bidoof",399,"normal","N/A","generation-iv",250,1,2
"bibarel",400,"normal","water","generation-iv",410,2,2
"kricketot",401,"bug","N/A","generation-iv",194,1,2
"kricketune",402,"bug","N/A","generation-iv",384,2,2
"shinx",403,"electric","N/A","generation-iv",263,1,3
"luxio",404,"electric","N/A","generation-iv",363,2,3
"luxray",405,"electric","N/A","generation-iv",523,3,3
"budew",406,"grass","poison","generation-iv",280,1,3
"roserade",407,"grass","poison","generation-iv",515,3,3
"cranidos",408,"rock","N/A","generation-iv",350,1,2
"rampardos",409,"rock","N/A","generation-iv",495,2,2
"shieldon",410,"rock","steel","generation-iv",350,1,2
"bastiodon",411,"rock","steel","generation-iv",495,2,2
"burmy",412,"bug","N/A","generation-iv",224,1,2
"wormadam-plant",413,"bug","grass","generation-iv",424,2,2
"wormadam-sandy",413,"bug","ground","generation-iv",424,2,2
"wormadam-trash",413,"bug","steel","generation-iv",424,2,2
"mothim",414,"bug","flying","generation-iv",424,2,2
"combee",415,"bug","flying","generation-iv",244,1,2
"vespiquen",416,"bug","flying","generation-iv",474,2,2
"pachirisu",417,"electric","N/A","generation-iv",405,1,1
"buizel",418,"water","N/A","generation-iv",330,1,2
"floatzel",419,"water","N/A","generation-iv",495,2,2
"cherubi",420,"grass","N/A","generation-iv",275,1,2
"cherrim",421,"grass","N/A","generation-iv",450,2,2
"shellos",422,"water","N/A","generation-iv",325,1,2
"gastrodon",423,"water","ground","generation-iv",475,2,2
"ambipom",424,"normal","N/A","generation-iv",482,2,2
"drifloon",425,"ghost","flying","generation-iv",348,1,2
"drifblim",426,"ghost","flying","generation-iv",498,2,2
"buneary",427,"normal","N/A","generation-iv",350,1,2
"lopunny",428,"normal","N/A","generation-iv",480,2,2
"lopunny-mega",428,"normal","fighting","generation-iv",580,2,2
"mismagius",429,"ghost","N/A","generation-iv",495,2,2
"honchkrow",430,"dark","flying","generation-iv",505,2,2
"glameow",431,"normal","N/A","generation-iv",310,1,2
"purugly",432,"normal","N/A","generation-iv",452,2,2
"chingling",433,"psychic","N/A","generation-iv",285,1,2
"stunky",434,"poison","dark","generation-iv",329,1,2
"skuntank",435,"poison","dark","generation-iv",479,2,2
"bronzor",436,"steel","psychic","generation-iv",300,1,2
"bronzong",437,"steel","psychic","generation-iv",500,2,2
"bonsly",438,"rock","N/A","generation-iv",290,1,2
"mime-jr",439,"psychic","fairy","generation-iv",310,1,3
"happiny",440,"normal","N/A","generation-iv",220,1,3
"chatot",441,"normal","flying","generation-iv",411,1,1
"spiritomb",442,"ghost","dark","generation-iv",485,1,1
"gible",443,"dragon","ground","generation-iv",300,1,3
"gabite",444,"dragon","ground","generation-iv",410,2,3
"garchomp",445,"dragon","ground","generation-iv",600,3,3
"garchomp-mega",445,"dragon","ground","generation-iv",700,3,3
"munchlax",446,"normal","N/A","generation-iv",390,1,2
"riolu",447,"fighting","N/A","generation-iv",285,1,2
"lucario",448,"fighting","steel","generation-iv",525,2,2
"lucario-mega",448,"fighting","steel","generation-iv",625,2,2
"hippopotas",449,"ground","N/A","generation-iv",330,1,2
"hippowdon",450,"ground","N/A","generation-iv",525,2,2
"skorupi",451,"poison","bug","generation-iv",330,1,2
"drapion",452,"poison","dark","generation-iv",500,2,2
"croagunk",453,"poison","fighting","generation-iv",300,1,2
"toxicroak",454,"poison","fighting","generation-iv",490,2,2
"carnivine",455,"grass","N/A","generation-iv",454,1,1
"finneon",456,"water","N/A","generation-iv",330,1,2
"lumineon",457,"water","N/A","generation-iv",460,2,2
"mantyke",458,"water","flying","generation-iv",345,1,2
"snover",459,"grass","ice","generation-iv",334,1,2
"abomasnow",460,"grass","ice","generation-iv",494,2,2
"abomasnow-mega",460,"grass","ice","generation-iv",594,2,2
"weavile",461,"dark","ice","generation-iv",510,2,2
"magnezone",462,"electric","steel","generation-iv",535,3,3
"lickilicky",463,"normal","N/A","generation-iv",515,2,2
"rhyperior",464,"ground","rock","generation-iv",535,3,3
"tangrowth",465,"grass","N/A","generation-iv",535,2,2
"electivire",466,"electric","N/A","generation-iv",540,3,3
"magmortar",467,"fire","N/A","generation-iv",540,3,3
"togekiss",468,"fairy","flying","generation-iv",545,3,3
"yanmega",469,"bug","flying","generation-iv",515,2,2
"leafeon",470,"grass","N/A","generation-iv",525,2,2
"glaceon",471,"ice","N/A","generation-iv",525,2,2
"gliscor",472,"ground","flying","generation-iv",510,2,2
"mamoswine",473,"ice","ground","generation-iv",530,3,3
"porygon-z",474,"normal","N/A","generation-iv",535,3,3
"gallade",475,"psychic","fighting","generation-iv",518,3,3
"gallade-mega",475,"psychic","fighting","generation-iv",618,3,3
"probopass",476,"rock","steel","generation-iv",525,2,2
"dusknoir",477,"ghost","N/A","generation-iv",525,3,3
"froslass",478,"ice","ghost","generation-iv",480,2,2
"rotom",479,"electric","ghost","generation-iv",440,1,1
"rotom-heat",479,"electric","fire","generation-iv",520,1,1
"rotom-wash",479,"electric","water","generation-iv",520,1,1
"rotom-frost",479,"electric","ice","generation-iv",520,1,1
"rotom-fan",479,"electric","flying","generation-iv",520,1,1
"rotom-mow",479,"electric","grass","generation-iv",520,1,1
"uxie",480,"psychic","N/A","generation-iv",580,1,1
"mesprit",481,"psychic","N/A","generation-iv",580,1,1
"azelf",482,"psychic","N/A","generation-iv",580,1,1
"dialga",483,"steel","dragon","generation-iv",680,1,1
"palkia",484,"water","dragon","generation-iv",680,1,1
"heatran",485,"fire","steel","generation-iv",600,1,1
"regigigas",486,"normal","N/A","generation-iv",670,1,1
"giratina-altered",487,"ghost","dragon","generation-iv",680,1,1
"cresselia",488,"psychic","N/A","generation-iv",580,1,1
"phione",489,"water","N/A","generation-iv",480,1,2
"manaphy",490,"water","N/A","generation-iv",600,2,2
"darkrai",491,"dark","N/A","generation-iv",600,1,1
"shaymin-land",492,"grass","N/A","generation-iv",600,1,1
"shaymin-sky",492,"grass","flying","generation-iv",600,1,1
"arceus",493,"normal","N/A","generation-iv",720,1,1
"victini",494,"psychic","fire","generation-v",600,1,1
"snivy",495,"grass","N/A","generation-v",308,1,3
"servine",496,"grass","N/A","generation-v",413,2,3
"serperior",497,"grass","N/A","generation-v",528,3,3
"tepig",498,"fire","N/A","generation-v",308,1,3
"pignite",499,"fire","fighting","generation-v",418,2,3
"emboar",500,"fire","fighting","generation-v",528,3,3
"oshawott",501,"water","N/A","generation-v",308,1,3
"dewott",502,"water","N/A","generation-v",413,2,3
"samurott",503,"water","N/A","generation-v",528,3,3
"samurott-hisui",503,"water","dark","generation-v",528,3,3
"patrat",504,"normal","N/A","generation-v",255,1,2
"watchog",505,"normal","N/A","generation-v",420,2,2
"lillipup",506,"normal","N/A","generation-v",275,1,3
"herdier",507,"normal","N/A","generation-v",370,2,3
"stoutland",508,"normal","N/A","generation-v",500,3,3
"purrloin",509,"dark","N/A","generation-v",281,1,2
"liepard",510,"dark","N/A","generation-v",446,2,2
"pansage",511,"grass","N/A","generation-v",316,1,2
"simisage",512,"grass","N/A","generation-v",498,2,2
"pansear",513,"fire","N/A","generation-v",316,1,2
"simisear",514,"fire","N/A","generation-v",498,2,2
"panpour",515,"water","N/A","generation-v",316,1,2
"simipour",516,"water","N/A","generation-v",498,2,2
"munna",517,"psychic","N/A","generation-v",292,1,2
"musharna",518,"psychic","N/A","generation-v",487,2,2
"pidove",519,"normal","flying","generation-v",264,1,3
"tranquill",520,"normal","flying","generation-v",358,2,3
"unfezant",521,"normal","flying","generation-v",488,3,3
"blitzle",522,"electric","N/A","generation-v",295,1,2
"zebstrika",523,"electric","N/A","generation-v",497,2,2
"roggenrola",524,"rock","N/A","generation-v",280,1,3
"boldore",525,"rock","N/A","generation-v",390,2,3
"gigalith",526,"rock","N/A","generation-v",515,3,3
"woobat",527,"psychic","flying","generation-v",323,1,2
"swoobat",528,"psychic","flying","generation-v",425,2,2
"drilbur",529,"ground","N/A","generation-v",328,1,2
"excadrill",530,"ground","steel","generation-v",508,2,2
"audino",531,"normal","N/A","generation-v",445,1,1
"audino-mega",531,"normal","fairy","generation-v",545,1,1
"timburr",532,"fighting","N/A","generation-v",305,1,3
"gurdurr",533,"fighting","N/A","generation-v",405,2,3
"conkeldurr",534,"fighting","N/A","generation-v",505,3,3
"tympole",535,"water","N/A","generation-v",294,1,3
"palpitoad",536,"water","ground","generation-v",384,2,3
"seismitoad",537,"water","ground","generation-v",509,3,3
"throh",538,"fighting","N/A","generation-v",465,1,1
"sawk",539,"fighting","N/A","generation-v",465,1,1
"sewaddle",540,"bug","grass","generation-v",310,1,3
"swadloon",541,"bug","grass","generation-v",380,2,3
"leavanny",542,"bug","grass","generation-v",500,3,3
"venipede",543,"bug","poison","generation-v",260,1,3
"whirlipede",544,"bug","poison","generation-v",360,2,3
"scolipede",545,"bug","poison","generation-v",485,3,3
"cottonee",546,"grass","fairy","generation-v",280,1,2
"whimsicott",547,"grass","fairy","generation-v",480,2,2
"petilil",548,"grass","N/A","generation-v",280,1,2
"lilligant",549,"grass","N/A","generation-v",480,2,2
"lilligant-hisui",549,"grass","fighting","generation-v",480,2,2
"basculin-red-striped",550,"water","N/A","generation-v",460,1,2
"sandile",551,"ground","dark","generation-v",292,1,3
"krokorok",552,"ground","dark","generation-v",351,2,3
"krookodile",553,"ground","dark","generation-v",519,3,3
"darumaka",554,"fire","N/A","generation-v",315,1,2
"darumaka-galar",554,"ice","N/A","generation-v",315,1,2
"darmanitan-standard",555,"fire","N/A","generation-v",480,2,2
"darmanitan-zen",555,"fire","psychic","generation-v",540,2,2
"darmanitan-galar-standard",555,"ice","N/A","generation-v",480,2,2
"darmanitan-galar-zen",555,"ice","fire","generation-v",540,2,2
"maractus",556,"grass","N/A","generation-v",461,1,1
"dwebble",557,"bug","rock","generation-v",325,1,2
"crustle",558,"bug","rock","generation-v",485,2,2
"scraggy",559,"dark","fighting","generation-v",348,1,2
"scrafty",560,"dark","fighting","generation-v",488,2,2
"sigilyph",561,"psychic","flying","generation-v",490,1,1
"yamask",562,"ghost","N/A","generation-v",303,1,2
"yamask-galar",562,"ground","ghost","generation-v",303,1,2
"cofagrigus",563,"ghost","N/A","generation-v",483,2,2
"tirtouga",564,"water","rock","generation-v",355,1,2
"carracosta",565,"water","rock","generation-v",495,2,2
"archen",566,"rock","flying","generation-v",401,1,2
"archeops",567,"rock","flying","generation-v",567,2,2
"trubbish",568,"poison","N/A","generation-v",329,1,2
"garbodor",569,"poison","N/A","generation-v",474,2,2
"zorua",570,"dark","N/A","generation-v",330,1,2
"zorua-hisui",570,"normal","ghost","generation-v",330,1,2
"zoroark",571,"dark","N/A","generation-v",510,2,2
"zoroark-hisui",571,"normal","ghost","generation-v",510,2,2
"minccino",572,"normal","N/A","generation-v",300,1,2
"cinccino",573,"normal","N/A","generation-v",470,2,2
"gothita",574,"psychic","N/A","generation-v",290,1,3
"gothorita",575,"psychic","N/A","generation-v",390,2,3
"gothitelle",576,"psychic","N/A","generation-v",490,3,3
"solosis",577,"psychic","N/A","generation-v",290,1,3
"duosion",578,"psychic","N/A","generation-v",370,2,3
"reuniclus",579,"psychic","N/A","generation-v",490,3,3
"ducklett",580,"water","flying","generation-v",305,1,2
"swanna",581,"water","flying","generation-v",473,2,2
"vanillite",582,"ice","N/A","generation-v",305,1,3
"vanillish",583,"ice","N/A","generation-v",395,2,3
"vanilluxe",584,"ice","N/A","generation-v",535,3,3
"deerling",585,"normal","grass","generation-v",335,1,2
"sawsbuck",586,"normal","grass","generation-v",475,2,2
"emolga",587,"electric","flying","generation-v",428,1,1
"karrablast",588,"bug","N/A","generation-v",315,1,2
"escavalier",589,"bug","steel","generation-v",495,2,2
"foongus",590,"grass","poison","generation-v",294,1,2
"amoonguss",591,"grass","poison","generation-v",464,2,2
"frillish",592,"water","ghost","generation-v",335,1,2
"jellicent",593,"water","ghost","generation-v",480,2,2
"alomomola",594,"water","N/A","generation-v",470,1,1
"joltik",595,"bug","electric","generation-v",319,1,2
"galvantula",596,"bug","electric","generation-v",472,2,2
"ferroseed",597,"grass","steel","generation-v",305,1,2
"ferrothorn",598,"grass","steel","generation-v",489,2,2
"klink",599,"steel","N/A","generation-v",300,1,3
"klang",600,"steel","N/A","generation-v",440,2,3
"klinklang",601,"steel","N/A","generation-v",520,3,3
"tynamo",602,"electric","N/A","generation-v",275,1,3
"eelektrik",603,"electric","N/A","generation-v",405,2,3
"eelektross",604,"electric","N/A","generation-v",515,3,3
"elgyem",605,"psychic","N/A","generation-v",335,1,2
"beheeyem",606,"psychic","N/A","generation-v",485,2,2
"litwick",607,"ghost","fire","generation-v",275,1,3
"lampent",608,"ghost","fire","generation-v",370,2,3
"chandelure",609,"ghost","fire","generation-v",520,3,3
"axew",610,"dragon","N/A","generation-v",320,1,3
"fraxure",611,"dragon","N/A","generation-v",410,2,3
"haxorus",612,"dragon","N/A","generation-v",540,3,3
"cubchoo",613,"ice","N/A","generation-v",305,1,2
"beartic",614,"ice","N/A","generation-v",505,2,2
"cryogonal",615,"ice","N/A","generation-v",515,1,1
"shelmet",616,"bug","N/A","generation-v",305,1,2
"accelgor",617,"bug","N/A","generation-v",495,2,2
"stunfisk",618,"ground","electric","generation-v",471,1,1
"stunfisk-galar",618,"ground","steel","generation-v",471,1,1
"mienfoo",619,"fighting","N/A","generation-v",350,1,2
"mienshao",620,"fighting","N/A","generation-v",510,2,2
"druddigon",621,"dragon","N/A","generation-v",485,1,1
"golett",622,"ground","ghost","generation-v",303,1,2
"golurk",623,"ground","ghost","generation-v",483,2,2
"pawniard",624,"dark","steel","generation-v",340,1,3
"bisharp",625,"dark","steel","generation-v",490,2,3
"bouffalant",626,"normal","N/A","generation-v",490,1,1
"rufflet",627,"normal","flying","generation-v",350,1,2
"braviary",628,"normal","flying","generation-v",510,2,2
"braviary-hisui",628,"psychic","flying","generation-v",510,2,2
"vullaby",629,"dark","flying","generation-v",370,1,2
"mandibuzz",630,"dark","flying","generation-v",510,2,2
"heatmor",631,"fire","N/A","generation-v",484,1,1
"durant",632,"bug","steel","generation-v",484,1,1
"deino",633,"dark","dragon","generation-v",300,1,3
"zweilous",634,"dark","dragon","generation-v",420,2,3
"hydreigon",635,"dark","dragon","generation-v",600,3,3
"larvesta",636,"bug","fire","generation-v",360,1,2
"volcarona",637,"bug","fire","generation-v",550,2,2
"cobalion",638,"steel","fighting","generation-v",580,1,1
"terrakion",639,"rock","fighting","generation-v",580,1,1
"virizion",640,"grass","fighting","generation-v",580,1,1
"tornadus-incarnate",641,"flying","N/A","generation-v",580,1,1
"thundurus-incarnate",642,"electric","flying","generation-v",580,1,1
"reshiram",643,"dragon","fire","generation-v",680,1,1
"zekrom",644,"dragon","electric","generation-v",680,1,1
"landorus-incarnate",645,"ground","flying","generation-v",600,1,1
"kyurem",646,"dragon","ice","generation-v",660,1,1
"kyurem-black",646,"dragon","ice","generation-v",700,1,1
"kyurem-white",646,"dragon","ice","generation-v",700,1,1
"keldeo-ordinary",647,"water","fighting","generation-v",580,1,1
"meloetta-aria",648,"normal","psychic","generation-v",600,1,1
"meloetta-pirouette",648,"normal","fighting","generation-v",600,1,1
"genesect",649,"bug","steel","generation-v",600,1,1
"chespin",650,"grass","N/A","generation-vi",313,1,3
"quilladin",651,"grass","N/A","generation-vi",405,2,3
"chesnaught",652,"grass","fighting","generation-vi",530,3,3
"fennekin",653,"fire","N/A","generation-vi",307,1,3
"braixen",654,"fire","N/A","generation-vi",409,2,3
"delphox",655,"fire","psychic","generation-vi",534,3,3
"froakie",656,"water","N/A","generation-vi",314,1,3
"frogadier",657,"water","N/A","generation-vi",405,2,3
"greninja",658,"water","dark","generation-vi",530,3,3
"greninja-ash",658,"water","dark","generation-vi",640,3,3
"bunnelby",659,"normal","N/A","generation-vi",237,1,2
"diggersby",660,"normal","ground","generation-vi",423,2,2
"fletchling",661,"normal","flying","generation-vi",278,1,3
"fletchinder",662,"fire","flying","generation-vi",382,2,3
"talonflame",663,"fire","flying","generation-vi",499,3,3
"scatterbug",664,"bug","N/A","generation-vi",200,1,3
"spewpa",665,"bug","N/A","generation-vi",213,2,3
"vivillon",666,"bug","flying","generation-vi",411,3,3
"litleo",667,"fire","normal","generation-vi",369,1,2
"pyroar",668,"fire","normal","generation-vi",507,2,2
"flabebe",669,"fairy","N/A","generation-vi",303,1,3
"floette",670,"fairy","N/A","generation-vi",371,2,3
"floette-eternal",670,"fairy","N/A","generation-vi",551,2,3
"florges",671,"fairy","N/A","generation-vi",552,3,3
"skiddo",672,"grass","N/A","generation-vi",350,1,2
"gogoat",673,"grass","N/A","generation-vi",531,2,2
"pancham",674,"fighting","N/A","generation-vi",348,1,2
"pangoro",675,"fighting","dark","generation-vi",495,2,2
"furfrou",676,"normal","N/A","generation-vi",472,1,1
"espurr",677,"psychic","N/A","generation-vi",355,1,2
"meowstic-male",678,"psychic","N/A","generation-vi",466,2,2
"honedge",679,"steel","ghost","generation-vi",325,1,3
"doublade",680,"steel","ghost","generation-vi",448,2,3
"aegislash-shield",681,"steel","ghost","generation-vi",500,3,3
"spritzee",682,"fairy","N/A","generation-vi",341,1,2
"aromatisse",683,"fairy","N/A","generation-vi",462,2,2
"swirlix",684,"fairy","N/A","generation-vi",341,1,2
"slurpuff",685,"fairy","N/A","generation-vi",480,2,2
"inkay",686,"dark","psychic","generation-vi",288,1,2
"malamar",687,"dark","psychic","generation-vi",482,2,2
"binacle",688,"rock","water","generation-vi",306,1,2
"barbaracle",689,"rock","water","generation-vi",500,2,2
"skrelp",690,"poison","water","generation-vi",320,1,2
"dragalge",691,"poison","dragon","generation-vi",494,2,2
"clauncher",692,"water","N/A","generation-vi",330,1,2
"clawitzer",693,"water","N/A","generation-vi",500,2,2
"helioptile",694,"electric","normal","generation-vi",289,1,2
"heliolisk",695,"electric","normal","generation-vi",481,2,2
"tyrunt",696,"rock","dragon","generation-vi",362,1,2
"tyrantrum",697,"rock","dragon","generation-vi",521,2,2
"amaura",698,"rock","ice","generation-vi",362,1,2
"aurorus",699,"rock","ice","generation-vi",521,2,2
"sylveon",700,"fairy","N/A","generation-vi",525,2,2
"hawlucha",701,"fighting","flying","generation-vi",500,1,1
"dedenne",702,"electric","fairy","generation-vi",431,1,1
"carbink",703,"rock","fairy","generation-vi",500,1,1
"goomy",704,"dragon","N/A","generation-vi",300,1,3
"sliggoo",705,"dragon","N/A","generation-vi",452,2,3
"sliggoo-hisui",705,"steel","dragon","generation-vi",452,2,3
"goodra",706,"dragon","N/A","generation-vi",600,3,3
"goodra-hisui",706,"steel","dragon","generation-vi",600,3,3
"klefki",707,"steel","fairy","generation-vi",470,1,1
"phantump",708,"ghost","grass","generation-vi",309,1,2
"trevenant",709,"ghost","grass","generation-vi",474,2,2
"pumpkaboo-average",710,"ghost","grass","generation-vi",335,1,2
"gourgeist-average",711,"ghost","grass","generation-vi",494,2,2
"bergmite",712,"ice","N/A","generation-vi",304,1,2
"avalugg",713,"ice","N/A","generation-vi",514,2,2
"avalugg-hisui",713,"ice","rock","generation-vi",514,2,2
"noibat",714,"flying","dragon","generation-vi",245,1,2
"noivern",715,"flying","dragon","generation-vi",535,2,2
"xerneas",716,"fairy","N/A","generation-vi",680,1,1
"yveltal",717,"dark","flying","generation-vi",680,1,1
"zygarde-50",718,"dragon","ground","generation-vi",600,1,1
"zygarde-10-power-construct",718,"dragon","ground","generation-vi",486,1,1
"zygarde-complete",718,"dragon","ground","generation-vi",708,1,1
"zygarde-10",718,"dragon","ground","generation-vi",486,1,1
"diancie",719,"rock","fairy","generation-vi",600,1,1
"diancie-mega",719,"rock","fairy","generation-vi",700,1,1
"hoopa",720,"psychic","ghost","generation-vi",600,1,1
"hoopa-unbound",720,"psychic","dark","generation-vi",680,1,1
"volcanion",721,"fire","water","generation-vi",600,1,1
"rowlet",722,"grass","flying","generation-vii",320,1,3
"dartrix",723,"grass","flying","generation-vii",420,2,3
"decidueye",724,"grass","ghost","generation-vii",530,3,3
"decidueye-hisui",724,"grass","fighting","generation-vii",530,3,3
"litten",725,"fire","N/A","generation-vii",320,1,3
"torracat",726,"fire","N/A","generation-vii",420,2,3
"incineroar",727,"fire","dark","generation-vii",530,3,3
"popplio",728,"water","N/A","generation-vii",320,1,3
"brionne",729,"water","N/A","generation-vii",420,2,3
"primarina",730,"water","fairy","generation-vii",530,3,3
"pikipek",731,"normal","flying","generation-vii",265,1,3
"trumbeak",732,"normal","flying","generation-vii",355,2,3
"toucannon",733,"normal","flying","generation-vii",485,3,3
"yungoos",734,"normal","N/A","generation-vii",253,1,2
"gumshoos",735,"normal","N/A","generation-vii",418,2,2
"grubbin",736,"bug","N/A","generation-vii",300,1,3
"charjabug",737,"bug","electric","generation-vii",400,2,3
"vikavolt",738,"bug","electric","generation-vii",500,3,3
"crabrawler",739,"fighting","N/A","generation-vii",338,1,2
"crabominable",740,"fighting","ice","generation-vii",478,2,2
"oricorio-baile",741,"fire","flying","generation-vii",476,1,1
"oricorio-pom-pom",741,"electric","flying","generation-vii",476,1,1
"oricorio-pau",741,"psychic","flying","generation-vii",476,1,1
"oricorio-sensu",741,"ghost","flying","generation-vii",476,1,1
"cutiefly",742,"bug","fairy","generation-vii",304,1,2
"ribombee",743,"bug","fairy","generation-vii",464,2,2
"rockruff",744,"rock","N/A","generation-vii",280,1,2
"lycanroc-midday",745,"rock","N/A","generation-vii",487,2,2
"wishiwashi-solo",746,"water","N/A","generation-vii",175,1,1
"wishiwashi-school",746,"water","N/A","generation-vii",620,1,1
"mareanie",747,"poison","water","generation-vii",305,1,2
"toxapex",748,"poison","water","generation-vii",495,2,2
"mudbray",749,"ground","N/A","generation-vii",385,1,2
"mudsdale",750,"ground","N/A","generation-vii",500,2,2
"dewpider",751,"water","bug","generation-vii",269,1,2
"araquanid",752,"water","bug","generation-vii",454,2,2
"fomantis",753,"grass","N/A","generation-vii",250,1,2
"lurantis",754,"grass","N/A","generation-vii",480,2,2
"morelull",755,"grass","fairy","generation-vii",285,1,2
"shiinotic",756,"grass","fairy","generation-vii",405,2,2
"salandit",757,"poison","fire","generation-vii",320,1,2
"salazzle",758,"poison","fire","generation-vii",480,2,2
"stufful",759,"normal","fighting","generation-vii",340,1,2
"bewear",760,"normal","fighting","generation-vii",500,2,2
"bounsweet",761,"grass","N/A","generation-vii",210,1,3
"steenee",762,"grass","N/A","generation-vii",290,2,3
"tsareena",763,"grass","N/A","generation-vii",510,3,3
"comfey",764,"fairy","N/A","generation-vii",485,1,1
"oranguru",765,"normal","psychic","generation-vii",490,1,1
"passimian",766,"fighting","N/A","generation-vii",490,1,1
"wimpod",767,"bug","water","generation-vii",230,1,2
"golisopod",768,"bug","water","generation-vii",530,2,2
"sandygast",769,"ghost","ground","generation-vii",320,1,2
"palossand",770,"ghost","ground","generation-vii",480,2,2
"pyukumuku",771,"water","N/A","generation-vii",410,1,1
"type-null",772,"normal","N/A","generation-vii",534,1,2
"silvally",773,"normal","N/A","generation-vii",570,2,2
"minior-red-meteor",774,"rock","flying","generation-vii",440,1,1
"minior-red",774,"rock","flying","generation-vii",500,1,1
"minior-orange",774,"rock","flying","generation-vii",500,1,1
"minior-yellow",774,"rock","flying","generation-vii",500,1,1
"minior-green",774,"rock","flying","generation-vii",500,1,1
"minior-blue",774,"rock","flying","generation-vii",500,1,1
"minior-indigo",774,"rock","flying","generation-vii",500,1,1
"minior-violet",774,"rock","flying","generation-vii",500,1,1
"komala",775,"normal","N/A","generation-vii",480,1,1
"turtonator",776,"fire","dragon","generation-vii",485,1,1
"togedemaru",777,"electric","steel","generation-vii",435,1,1
"mimikyu-disguised",778,"ghost","fairy","generation-vii",476,1,1
"bruxish",779,"water","psychic","generation-vii",475,1,1
"drampa",780,"normal","dragon","generation-vii",485,1,1
"dhelmise",781,"ghost","grass","generation-vii",517,1,1
"jangmo-o",782,"dragon","N/A","generation-vii",300,1,3
"hakamo-o",783,"dragon","fighting","generation-vii",420,2,3
"kommo-o",784,"dragon","fighting","generation-vii",600,3,3
"tapu-koko",785,"electric","fairy","generation-vii",570,1,1
"tapu-lele",786,"psychic","fairy","generation-vii",570,1,1
"tapu-bulu",787,"grass","fairy","generation-vii",570,1,1
"tapu-fini",788,"water","fairy","generation-vii",570,1,1
"cosmog",789,"psychic","N/A","generation-vii",200,1,3
"cosmoem",790,"psychic","N/A","generation-vii",400,2,3
"solgaleo",791,"psychic","steel","generation-vii",680,3,3
"lunala",792,"psychic","ghost","generation-vii",680,3,3
"nihilego",793,"rock","poison","generation-vii",570,1,1
"buzzwole",794,"bug","fighting","generation-vii",570,1,1
"pheromosa",795,"bug","fighting","generation-vii",570,1,1
"xurkitree",796,"electric","N/A","generation-vii",570,1,1
"celesteela",797,"steel","flying","generation-vii",570,1,1
"kartana",798,"grass","steel","generation-vii",570,1,1
"guzzlord",799,"dark","dragon","generation-vii",570,1,1
"necrozma",800,"psychic","N/A","generation-vii",600,1,1
"necrozma-dusk",800,"psychic","steel","generation-vii",680,1,1
"necrozma-dawn",800,"psychic","ghost","generation-vii",680,1,1
"necrozma-ultra",800,"psychic","dragon","generation-vii",754,1,1
"magearna",801,"steel","fairy","generation-vii",600,1,1
"marshadow",802,"fighting","ghost","generation-vii",600,1,1
"poipole",803,"poison","N/A","generation-vii",420,1,2
"naganadel",804,"poison","dragon","generation-vii",540,2,2
"stakataka",805,"rock","steel","generation-vii",570,1,1
"blacephalon",806,"fire","ghost","generation-vii",570,1,1
"zeraora",807,"electric","N/A","generation-vii",600,1,1
"meltan",808,"steel","N/A","generation-vii",300,1,1
"melmetal",809,"steel","N/A","generation-vii",600,1,1
"grookey",810,"grass","N/A","generation-viii",310,1,3
"thwackey",811,"grass","N/A","generation-viii",420,2,3
"rillaboom",812,"grass","N/A","generation-viii",530,3,3
"scorbunny",813,"fire","N/A","generation-viii",310,1,3
"raboot",814,"fire","N/A","generation-viii",420,2,3
"cinderace",815,"fire","N/A","generation-viii",530,3,3
"sobble",816,"water","N/A","generation-viii",310,1,3
"drizzile",817,"water","N/A","generation-viii",420,2,3
"inteleon",818,"water","N/A","generation-viii",530,3,3
"skwovet",819,"normal","N/A","generation-viii",275,1,2
"greedent",820,"normal","N/A","generation-viii",460,2,2
"rookidee",821,"flying","N/A","generation-viii",245,1,3
"corvisquire",822,"flying","N/A","generation-viii",365,2,3
"corviknight",823,"flying","steel","generation-viii",495,3,3
"blipbug",824,"bug","N/A","generation-viii",180,1,3
"dottler",825,"bug","psychic","generation-viii",335,2,3
"orbeetle",826,"bug","psychic","generation-viii",505,3,3
"nickit",827,"dark","N/A","generation-viii",245,1,2
"thievul",828,"dark","N/A","generation-viii",455,2,2
"gossifleur",829,"grass","N/A","generation-viii",250,1,2
"eldegoss",830,"grass","N/A","generation-viii",460,2,2
"wooloo",831,"normal","N/A","generation-viii",270,1,2
"dubwool",832,"normal","N/A","generation-viii",490,2,2
"chewtle",833,"water","N/A","generation-viii",284,1,2
"drednaw",834,"water","rock","generation-viii",485,2,2
"yamper",835,"electric","N/A","generation-viii",270,1,2
"boltund",836,"electric","N/A","generation-viii",490,2,2
"rolycoly",837,"rock","N/A","generation-viii",240,1,3
"carkol",838,"rock","fire","generation-viii",410,2,3
"coalossal",839,"rock","fire","generation-viii",510,3,3
"applin",840,"grass","dragon","generation-viii",260,1,3
"flapple",841,"grass","dragon","generation-viii",485,2,3
"appletun",842,"grass","dragon","generation-viii",485,2,3
"silicobra",843,"ground","N/A","generation-viii",315,1,2
"sandaconda",844,"ground","N/A","generation-viii",510,2,2
"cramorant",845,"flying","water","generation-viii",475,1,1
"arrokuda",846,"water","N/A","generation-viii",280,1,2
"barraskewda",847,"water","N/A","generation-viii",490,2,2
"toxel",848,"electric","poison","generation-viii",242,1,2
"toxtricity-amped",849,"electric","poison","generation-viii",502,2,2
"sizzlipede",850,"fire","bug","generation-viii",305,1,2
"centiskorch",851,"fire","bug","generation-viii",525,2,2
"clobbopus",852,"fighting","N/A","generation-viii",310,1,2
"grapploct",853,"fighting","N/A","generation-viii",480,2,2
"sinistea",854,"ghost","N/A","generation-viii",308,1,2
"polteageist",855,"ghost","N/A","generation-viii",508,2,2
"hatenna",856,"psychic","N/A","generation-viii",265,1,3
"hattrem",857,"psychic","N/A","generation-viii",370,2,3
"hatterene",858,"psychic","fairy","generation-viii",510,3,3
"impidimp",859,"dark","fairy","generation-viii",265,1,3
"morgrem",860,"dark","fairy","generation-viii",370,2,3
"grimmsnarl",861,"dark","fairy","generation-viii",510,3,3
"obstagoon",862,"dark","normal","generation-viii",520,3,3
"perrserker",863,"steel","N/A","generation-viii",440,2,2
"cursola",864,"ghost","N/A","generation-viii",510,2,2
"sirfetchd",865,"fighting","N/A","generation-viii",507,2,2
"mr-rime",866,"ice","psychic","generation-viii",520,3,3
"runerigus",867,"ground","ghost","generation-viii",483,2,2
"milcery",868,"fairy","N/A","generation-viii",270,1,2
"alcremie",869,"fairy","N/A","generation-viii",495,2,2
"falinks",870,"fighting","N/A","generation-viii",470,1,1
"pincurchin",871,"electric","N/A","generation-viii",435,1,1
"snom",872,"ice","bug","generation-viii",185,1,2
"frosmoth",873,"ice","bug","generation-viii",475,2,2
"stonjourner",874,"rock","N/A","generation-viii",470,1,1
"eiscue-ice",875,"ice","N/A","generation-viii",470,1,1
"indeedee-male",876,"psychic","normal","generation-viii",475,1,1
"morpeko-full-belly",877,"electric","dark","generation-viii",436,1,1
"cufant",878,"steel","N/A","generation-viii",330,1,2
"copperajah",879,"steel","N/A","generation-viii",500,2,2
"dracozolt",880,"electric","dragon","generation-viii",505,1,1
"arctozolt",881,"electric","ice","generation-viii",505,1,1
"dracovish",882,"water","dragon","generation-viii",505,1,1
"arctovish",883,"water","ice","generation-viii",505,1,1
"duraludon",884,"steel","dragon","generation-viii",535,1,2
"dreepy",885,"dragon","ghost","generation-viii",270,1,3
"drakloak",886,"dragon","ghost","generation-viii",410,2,3
"dragapult",887,"dragon","ghost","generation-viii",600,3,3
"zacian",888,"fairy","N/A","generation-viii",660,1,1
"zacian-crowned",888,"fairy","steel","generation-viii",700,1,1
"zamazenta",889,"fighting","N/A","generation-viii",660,1,1
"zamazenta-crowned",889,"fighting","steel","generation-viii",700,1,1
"eternatus",890,"poison","dragon","generation-viii",690,1,1
"kubfu",891,"fighting","N/A","generation-viii",385,1,2
"urshifu-single-strike",892,"fighting","dark","generation-viii",550,2,2
"urshifu-rapid-strike",892,"fighting","water","generation-viii",550,2,2
"zarude",893,"dark","grass","generation-viii",600,1,1
"regieleki",894,"electric","N/A","generation-viii",580,1,1
"regidrago",895,"dragon","N/A","generation-viii",580,1,1
"glastrier",896,"ice","N/A","generation-viii",580,1,1
"spectrier",897,"ghost","N/A","generation-viii",580,1,1
"calyrex",898,"psychic","grass","generation-viii",500,1,1
"calyrex-ice",898,"psychic","ice","generation-viii",680,1,1
"calyrex-shadow",898,"psychic","ghost","generation-viii",680,1,1
"wyrdeer",899,"normal","psychic","generation-viii",525,2,2
"kleavor",900,"bug","rock","generation-viii",500,2,2
"ursaluna",901,"ground","normal","generation-viii",550,3,3
"ursaluna-bloodmoon",901,"ground","normal","generation-viii",555,3,3
"basculegion-male",902,"water","ghost","generation-viii",530,2,2
"sneasler",903,"fighting","poison","generation-viii",510,2,2
"overqwil",904,"dark","poison","generation-viii",510,2,2
"enamorus-incarnate",905,"fairy","flying","generation-viii",580,1,1
"sprigatito",906,"grass","N/A","generation-ix",310,1,3
"floragato",907,"grass","N/A","generation-ix",410,2,3
"meowscarada",908,"grass","dark","generation-ix",530,3,3
"fuecoco",909,"fire","N/A","generation-ix",310,1,3
"crocalor",910,"fire","N/A","generation-ix",411,2,3
"skeledirge",911,"fire","ghost","generation-ix",530,3,3
"quaxly",912,"water","N/A","generation-ix",310,1,3
"quaxwell",913,"water","N/A","generation-ix",410,2,3
"quaquaval",914,"water","fighting","generation-ix",530,3,3
"lechonk",915,"normal","N/A","generation-ix",254,1,2
"oinkologne-male",916,"normal","N/A","generation-ix",489,2,2
"tarountula",917,"bug","N/A","generation-ix",210,1,2
"spidops",918,"bug","N/A","generation-ix",404,2,2
"nymble",919,"bug","N/A","generation-ix",210,1,2
"lokix",920,"bug","dark","generation-ix",450,2,2
"pawmi",921,"electric","N/A","generation-ix",240,1,3
"pawmo",922,"electric","fighting","generation-ix",350,2,3
"pawmot",923,"electric","fighting","generation-ix",490,3,3
"tandemaus",924,"normal","N/A","generation-ix",305,1,2
"maushold-family-of-four",925,"normal","N/A","generation-ix",470,2,2
"fidough",926,"fairy","N/A","generation-ix",312,1,2
"dachsbun",927,"fairy","N/A","generation-ix",477,2,2
"smoliv",928,"grass","normal","generation-ix",260,1,3
"dolliv",929,"grass","normal","generation-ix",354,2,3
"arboliva",930,"grass","normal","generation-ix",510,3,3
"squawkabilly-green-plumage",931,"normal","flying","generation-ix",417,1,1
"nacli",932,"rock","N/A","generation-ix",280,1,3
"naclstack",933,"rock","N/A","generation-ix",355,2,3
"garganacl",934,"rock","N/A","generation-ix",500,3,3
"charcadet",935,"fire","N/A","generation-ix",255,1,2
"armarouge",936,"fire","psychic","generation-ix",525,2,2
"ceruledge",937,"fire","ghost","generation-ix",525,2,2
"tadbulb",938,"electric","N/A","generation-ix",272,1,2
"bellibolt",939,"electric","N/A","generation-ix",495,2,2
"wattrel",940,"electric","flying","generation-ix",280,1,2
"kilowattrel",941,"electric","flying","generation-ix",490,2,2
"maschiff",942,"dark","N/A","generation-ix",340,1,2
"mabosstiff",943,"dark","N/A","generation-ix",505,2,2
"shroodle",944,"poison","normal","generation-ix",290,1,2
"grafaiai",945,"poison","normal","generation-ix",485,2,2
"bramblin",946,"grass","ghost","generation-ix",275,1,2
"brambleghast",947,"grass","ghost","generation-ix",480,2,2
"toedscool",948,"ground","grass","generation-ix",335,1,2
"toedscruel",949,"ground","grass","generation-ix",515,2,2
"klawf",950,"rock","N/A","generation-ix",450,1,1
"capsakid",951,"grass","N/A","generation-ix",304,1,2
"scovillain",952,"grass","fire","generation-ix",486,2,2
"rellor",953,"bug","N/A","generation-ix",270,1,2
"rabsca",954,"bug","psychic","generation-ix",470,2,2
"flittle",955,"psychic","N/A","generation-ix",255,1,2
"espathra",956,"psychic","N/A","generation-ix",481,2,2
"tinkatink",957,"fairy","steel","generation-ix",297,1,3
"tinkatuff",958,"fairy","steel","generation-ix",380,2,3
"tinkaton",959,"fairy","steel","generation-ix",506,3,3
"wiglett",960,"water","N/A","generation-ix",245,1,2
"wugtrio",961,"water","N/A","generation-ix",425,2,2
"bombirdier",962,"flying","dark","generation-ix",485,1,1
"finizen",963,"water","N/A","generation-ix",315,1,2
"palafin-zero",964,"water","N/A","generation-ix",457,2,2
"palafin-hero",964,"water","N/A","generation-ix",650,2,2
"varoom",965,"steel","poison","generation-ix",300,1,2
"revavroom",966,"steel","poison","generation-ix",500,2,2
"cyclizar",967,"dragon","normal","generation-ix",501,1,1
"orthworm",968,"steel","N/A","generation-ix",480,1,1
"glimmet",969,"rock","poison","generation-ix",350,1,2
"glimmora",970,"rock","poison","generation-ix",525,2,2
"greavard",971,"ghost","N/A","generation-ix",290,1,2
"houndstone",972,"ghost","N/A","generation-ix",488,2,2
"flamigo",973,"flying","fighting","generation-ix",500,1,1
"cetoddle",974,"ice","N/A","generation-ix",334,1,2
"cetitan",975,"ice","N/A","generation-ix",521,2,2
"veluza",976,"water","psychic","generation-ix",478,1,1
"dondozo",977,"water","N/A","generation-ix",530,1,1
"tatsugiri-curly",978,"dragon","water","generation-ix",475,1,1
"annihilape",979,"fighting","ghost","generation-ix",535,3,3
"clodsire",980,"poison","ground","generation-ix",430,2,2
"farigiraf",981,"normal","psychic","generation-ix",520,2,2
"dudunsparce-two-segment",982,"normal","N/A","generation-ix",520,2,2
"kingambit",983,"dark","steel","generation-ix",550,3,3
"great-tusk",984,"ground","fighting","generation-ix",570,1,1
"scream-tail",985,"fairy","psychic","generation-ix",570,1,1
"brute-bonnet",986,"grass","dark","generation-ix",570,1,1
"flutter-mane",987,"ghost","fairy","generation-ix",570,1,1
"slither-wing",988,"bug","fighting","generation-ix",570,1,1
"sandy-shocks",989,"electric","ground","generation-ix",570,1,1
"iron-treads",990,"ground","steel","generation-ix",570,1,1
"iron-bundle",991,"ice","water","generation-ix",570,1,1
"iron-hands",992,"fighting","electric","generation-ix",570,1,1
"iron-jugulis",993,"dark","flying","generation-ix",570,1,1
"iron-moth",994,"fire","poison","generation-ix",570,1,1
"iron-thorns",995,"rock","electric","generation-ix",570,1,1
"frigibax",996,"dragon","ice","generation-ix",320,1,3
"arctibax",997,"dragon","ice","generation-ix",423,2,3
"baxcalibur",998,"dragon","ice","generation-ix",600,3,3
"gimmighoul",999,"ghost","N/A","generation-ix",300,1,2
"gholdengo",1000,"steel","ghost","generation-ix",550,2,2
"wo-chien",1001,"dark","grass","generation-ix",570,1,1
"chien-pao",1002,"dark","ice","generation-ix",570,1,1
"ting-lu",1003,"dark","ground","generation-ix",570,1,1
"chi-yu",1004,"dark","fire","generation-ix",570,1,1
"roaring-moon",1005,"dragon","dark","generation-ix",590,1,1
"iron-valiant",1006,"fairy","fighting","generation-ix",590,1,1
"koraidon",1007,"fighting","dragon","generation-ix",670,1,1
"miraidon",1008,"electric","dragon","generation-ix",670,1,1
"walking-wake",1009,"water","dragon","generation-ix",590,1,1
"iron-leaves",1010,"grass","psychic","generation-ix",590,1,1
"dipplin",1011,"grass","dragon","generation-ix",485,2,3
"poltchageist",1012,"grass","ghost","generation-ix",308,1,2
"sinistcha",1013,"grass","ghost","generation-ix",508,2,2
"okidogi",1014,"poison","fighting","generation-ix",555,1,1
"munkidori",1015,"poison","psychic","generation-ix",555,1,1
"fezandipiti",1016,"poison","fairy","generation-ix",555,1,1
"ogerpon",1017,"grass","N/A","generation-ix",550,1,1
"ogerpon-wellspring-mask",1017,"grass","water","generation-ix",550,1,1
"ogerpon-hearthflame-mask",1017,"grass","fire","generation-ix",550,1,1
"ogerpon-cornerstone-mask",1017,"grass","rock","generation-ix",550,1,1
"archaludon",1018,"steel","dragon","generation-ix",600,2,2
"hydrapple",1019,"grass","dragon","generation-ix",540,3,3
"gouging-fire",1020,"fire","dragon","generation-ix",590,1,1
"raging-bolt",1021,"electric","dragon","generation-ix",590,1,1
"iron-boulder",1022,"rock","psychic","generation-ix",590,1,1
"iron-crown",1023,"steel","psychic","generation-ix",590,1,1
"terapagos",1024,"normal","N/A","generation-ix",450,1,1
"terapagos-terastal",1024,"normal","N/A","generation-ix",600,1,1
"terapagos-stellar",1024,"normal","N/A","generation-ix",700,1,1
"pecharunt",1025,"poison","ghost","generation-ix",600,1,1